feature,weight
f_new_locs,-0.5090649992846829
f_max_dist_diff,0.4501840772380571
f_speed_diff,0.24952645751043032
f_new_pois,0.22113424571069545
f_dist_diff,-0.1913591142485288
f_count_diff,0.15302082531276692
f_max_stay_diff,0.0780266674132837
f_transforms_diff,-0.03548937193854445
f_dom_poi_changed,0.029679350593119064
